{
  "revenue_growth_yoy": 0.157,
  "earnings_growth_yoy": 0.183,
  "dividend_yield": 0.41,
  "payout_ratio": 0.1304,
  "beta": 1.116,
  "capex_to_revenue": 0.030553079216937677,
  "buyback_yield": 0.024692675342155863
}