{
  "total_periods": 14,
  "avg_q1_return": {
    "20": 0.002497,
    "60": 0.042882
  },
  "avg_q5_return": {
    "20": 0.02117,
    "60": 0.046799
  },
  "avg_spread": {
    "20": -0.018674,
    "60": -0.003917
  },
  "spread_t_stat": {
    "20": -0.849,
    "60": -0.1129
  },
  "spread_p_value": {
    "20": 0.395862,
    "60": 0.910099
  },
  "is_monotonic": {
    "20": -0.0,
    "60": 0.2
  },
  "avg_turnover": 0.3077,
  "execution_time_s": 1.34
}